jokeId,userId,time,content,image,isError
b43352af-3b9b-481c-be5b-98f9cbb6f51b,78a97a9a-37f5-451d-be05-bf6b7b68e8e4,2025-01-10 01:53:27.229623+00,ナイナイチンチンゲール,,false
753d59cd-03d1-48a2-b369-cb5316e90f6c,44b8f6dd-366e-437a-b862-0c37c3f6e9ce,2025-01-08 11:19:59.851756+00,"人が人であるのは、多くの制約を持つ物理世界に住むためでしょう。
無限に快楽が得られる仮想世界に人が住めば、それは人と呼べない存在に変貌するでしょう。",,false
cd7e3a6a-4694-42ac-b3f8-604e90e5208d,78a97a9a-37f5-451d-be05-bf6b7b68e8e4,2025-01-07 00:32:48.612087+00,"Q. 「ゴリラの長」の対義語は？
A. 「人間（唯一の腹黒な生物だから）」",,false
54bf94d0-889d-454a-bd92-8636e89d4923,78a97a9a-37f5-451d-be05-bf6b7b68e8e4,2025-01-06 05:00:47.990255+00,来場者（会員）が掃除やら警備やらしたら自動的に報酬が貰える無人のカフェ、どうじゃろ。,,false
6bed6754-8c0b-4551-8529-c2c595116dc5,75e639a3-388d-46f4-b4d1-eda12f30d397,2025-01-03 21:27:28.938499+00,"「今から寝るよ！」

夜　勤　バ　イ　ト　の　子",,false
e872db4a-d7c3-4b76-b5d1-1bb6c14d0422,44b8f6dd-366e-437a-b862-0c37c3f6e9ce,2025-01-02 14:29:52.48262+00,夢の世界を全て出力する行為は愚かでしょうか…今更、完了しそうにありません…。,,false
cc1a186c-d4cf-4f42-9e4f-38f0b096eb59,44b8f6dd-366e-437a-b862-0c37c3f6e9ce,2025-01-01 13:15:10.762309+00,空きスロットに500GBのM.2を追加して最強の環境を構築しました。,,false
64195b55-c810-405e-a84d-6b2faf24c0fe,78a97a9a-37f5-451d-be05-bf6b7b68e8e4,2024-12-31 15:48:17.542768+00,未来と過去を接続する操作は独立した時空を創る操作と等しいのだから、過去にタイムトラベルすることなんて不可能じゃないか…。,,false
f4617465-2edd-4445-8bd7-d06893b02946,75e639a3-388d-46f4-b4d1-eda12f30d397,2024-12-31 15:19:36.635943+00,アケマシテオメデトウゴザイマ〜ス！,,false
075b68e3-3e45-45c7-b995-d13ad83425d5,78a97a9a-37f5-451d-be05-bf6b7b68e8e4,2024-12-31 07:33:42.111537+00,猫もコタツでア○ル丸出し♪,,false
4bc0f2dd-afa5-4880-8dce-71b34f0eeebe,44b8f6dd-366e-437a-b862-0c37c3f6e9ce,2024-12-31 07:30:29.184009+00,今日を乗り切れば、イベント「大地震」は2027年に確定します。覚悟しましょう。,,false
a77e4dce-20a5-493e-9448-ed60793cdf9e,78a97a9a-37f5-451d-be05-bf6b7b68e8e4,2024-12-31 01:15:39.780047+00,おちんちんいっぱいボーイって優性形質なのかな。,,false
d0fb19c2-9f11-4119-8bec-fe3cd5dff305,78a97a9a-37f5-451d-be05-bf6b7b68e8e4,2024-12-31 01:14:45.541847+00,私たちがタイムマシンを開発できない（しない）のは、タイムマシンが必要な危機的状況に陥った世界線が全てを解決しているという説がある。,,false
6c5d5808-0689-4e66-b9d3-33c407f88a1f,75e639a3-388d-46f4-b4d1-eda12f30d397,2024-12-31 00:00:47.19225+00,「ノード群による末端を持たないネットワーク」というタイトルは一見すればアホみたいに感じられるが、ネットワーク自体は階層構造を成しているため意味的に正しく、悪用されそうな内容をヒッソリと残すための天才的なアイディアなんだよね（ﾆﾁｬｱ,,false
03565bcf-3c64-4a76-ad5d-5c25638a8193,75e639a3-388d-46f4-b4d1-eda12f30d397,2024-12-30 06:04:30.981604+00,EndeavourOSは全てを解決する。,,false
b199300d-b67c-44bd-bd7e-5b26e50e025c,75e639a3-388d-46f4-b4d1-eda12f30d397,2024-12-28 07:54:18.709682+00,"https://youtu.be/muCPjK4nGY4

文明が滅びた後に再構築された最先端の人工音声っぽくていいな。",,false
39a51616-d16b-4165-8818-3e19a1a5c7aa,78a97a9a-37f5-451d-be05-bf6b7b68e8e4,2024-12-25 11:06:53.499517+00,スマブラは楽しいけれど、画面が脳裏に焼き付いちゃうから大変なんだよな。妄想や就寝に支障が出ちまうぜ。,,false
7cfd98e8-6482-4946-8690-a9659ac2bcca,44b8f6dd-366e-437a-b862-0c37c3f6e9ce,2024-12-24 00:30:06.065876+00,"〜 簡単なTRPGのキャラの作り方 〜

1. ランダムな単語をピックアップします。
2. 単語を基にプロフィールを作成します。
3. AIに適当な画像を生成させてEnjoy!!!!!",,false
6192372c-3f5d-4b89-8e1d-9917c688a0ae,78a97a9a-37f5-451d-be05-bf6b7b68e8e4,2024-12-23 06:05:28.818139+00,ポテチの袋でスマホのファラデーケージを作るには2つ以上を被せないといけないらしい。,,false
8df1f645-44a0-4ad1-b784-8f66990499e4,78a97a9a-37f5-451d-be05-bf6b7b68e8e4,2024-12-23 00:26:51.801206+00,AIに地理関係の質問をすると大体ハルっちゃうんだよな。,,false
202e40c5-17ea-4f1e-9dab-5aa4fe0775af,78a97a9a-37f5-451d-be05-bf6b7b68e8e4,2024-12-23 00:25:34.329201+00,"いいか、よく聞くんだ。
お前がボディーソープで顔を洗えるのは、肌が強いからじゃない。
使っているボディーソープが割と良い品質だからだ。",,false
eb74040d-56ca-4990-8632-3f9ab5746c1b,75e639a3-388d-46f4-b4d1-eda12f30d397,2024-12-22 02:46:49.335265+00,Micr*s*ftもG**gleも、勝手にデータをオンラインで保存させようとするなや。俺はハリー・○ッターだぞ。○すぞ。,,false
4a6e5165-6289-406d-9819-10f9b9271a39,44b8f6dd-366e-437a-b862-0c37c3f6e9ce,2024-12-19 11:03:10.727954+00,"人工知能は我々と対話することが可能ですが、一方で入力が同じ操作であるとは限りません。
同様に、同じ言語を使う人間が同じ学習で同じ回路を構築している保証はありません。
知的なモデルは自身に適した学び方、あるいは考え方を尊重する必要があるのです。",,false
6c80b6b3-f59f-48ce-b2f4-a8792f92bdb6,78a97a9a-37f5-451d-be05-bf6b7b68e8e4,2024-12-19 07:22:33.366482+00,便　座　カ　バ　ー　形　軌　道,,false
96ea84dc-7970-432d-892f-41cad2823027,78a97a9a-37f5-451d-be05-bf6b7b68e8e4,2024-12-15 10:36:28.236726+00,フリーな一日で作品を一つ完成できた、とても有意義な時間だった。今年のコンペは勝ちたいな。,,false
2da29467-bf6d-46eb-b678-4027b71196b1,44b8f6dd-366e-437a-b862-0c37c3f6e9ce,2024-12-14 23:19:11.203952+00,"空間は単一の存在ではなく、重複が許されている可能性があります。量子の振る舞いや、密度に含まれる暗黒の物質を解くための鍵として。
あるいは、それをポータルの膜として利用できるかもしれません。想像してみてください、正方形のフレームを歪めると、次の辺が出現するオブジェクトを。",,false
ee843ece-b7c0-429d-8986-0a7a409a14d3,78a97a9a-37f5-451d-be05-bf6b7b68e8e4,2024-12-09 02:09:07.25126+00,蓋をしてからウンチを流してほしければ、蓋を閉じたらウンチが流れる仕様にすればいいのよ。,,false
6ccb62c9-ef89-4a1a-ba53-0fb456eebeb9,78a97a9a-37f5-451d-be05-bf6b7b68e8e4,2024-12-09 00:58:09.32623+00,カロリーマシマシ！　二郎マン！,,false
89d236bb-4c61-4247-a53b-106bcbc5d7d0,75e639a3-388d-46f4-b4d1-eda12f30d397,2024-12-07 03:05:51.255621+00,カスみたいな英語力をどうにかしたい。,,false
e313a9ed-c74f-4b15-9a45-00b5a5b55329,44b8f6dd-366e-437a-b862-0c37c3f6e9ce,2024-12-02 00:08:13.502385+00,"全ての感情を放棄すること。
全ての感情を隆起すること。
無感情など要素の平均に過ぎない。

ニン＝ゲン (0 - 2024)",,false
95987b97-8188-4d15-8f48-dcdb1037fe60,78a97a9a-37f5-451d-be05-bf6b7b68e8e4,2024-12-01 01:23:30.349839+00,"夢で得た映画のアイディア：

不思議な能力を持つ一人の少女と友人は、時代遅れの閉鎖的な村から脱出しようと様々な壁を乗り越える。しかし、その村は少女を保護するために作られた壮大な計画であり、外へ辿り着いた一行は地獄の世界に絶望するのであった。",,false
86d6c276-dfb9-4d1a-8186-626d0fdfc418,78a97a9a-37f5-451d-be05-bf6b7b68e8e4,2024-11-28 15:24:58.53853+00,電子レンジとルーターが干渉するなら、ルーターを上手く使えば電子レンジが作れる…ってコト！？,,false
00fcda7d-4424-4818-b02b-ccf55a341783,78a97a9a-37f5-451d-be05-bf6b7b68e8e4,2024-11-28 14:59:24.413109+00,千イﾉﾉの八゜ーフェケイちんすろ學室,,false
9c67eb11-9a5d-48c4-aa3c-ff827a4fb0c8,78a97a9a-37f5-451d-be05-bf6b7b68e8e4,2024-11-28 14:49:43.284859+00,"あたりまえ♪　あたりまえ♪
あたりまえ体操♪

Winnyを使って　児ポを落とすと♪
捕まる♪",,false
2d5aa75c-870e-4433-8d1a-9c77ab5b40ed,44b8f6dd-366e-437a-b862-0c37c3f6e9ce,2024-11-28 14:47:48.475531+00,"ドラえ○ん豆知識：

初期のバイバインは広義の食料（人間）に対応していたが、人権団体から圧力を掛けられたことで加工食品のみに反応する仕様となった。",,false
0833ffe3-630b-47bf-84ae-2d0d647ec7c8,78a97a9a-37f5-451d-be05-bf6b7b68e8e4,2024-11-28 12:09:08.193154+00,"ドラ○もん豆知識：

どくさいスイッチを開発したのは資本主義者。",,false
d3de5d94-5148-4f1f-b0c7-8a426811fa9c,75e639a3-388d-46f4-b4d1-eda12f30d397,2024-11-28 12:04:06.930723+00,"ド○えもん豆知識：

ビッグライトとスモールライトは利権問題により統合化することができない。",,false
e9a3410c-ad0a-4be4-bb25-c8dd84c71e8a,75e639a3-388d-46f4-b4d1-eda12f30d397,2024-11-26 15:30:56.407019+00,6本指の手と恋人繋ぎして親指と小指が挟まれる安心感を味わいたい…。,,false
9993b1e9-f3b6-4c42-abe5-ac193a864db1,44b8f6dd-366e-437a-b862-0c37c3f6e9ce,2024-11-26 15:29:33.613641+00,"久しぶりにPCを起動させる場合、TPMとSecure Bootをリセットしましょう。
先人からの教えです。",e69a8305-4c1c-4111-93f3-589ec22a4ca7.jpg,false
def1e985-f225-450b-b0dc-62164763bdb2,78a97a9a-37f5-451d-be05-bf6b7b68e8e4,2024-11-23 05:57:43.826798+00,冬だ！　エロケツバードだ！,,false
2965b775-a37f-431e-9898-34aaeb1f003f,44b8f6dd-366e-437a-b862-0c37c3f6e9ce,2024-11-22 03:26:44.350065+00,"創造者は誰かの意匠を無意識に踏み躙ります。
創造者は意匠が踏み躙られる覚悟が必要です。
こうして、物事は生まれ続けます。",,false
3e8cb05d-2be4-4b5f-a751-3459ad6adc95,44b8f6dd-366e-437a-b862-0c37c3f6e9ce,2024-11-21 06:54:18.84699+00,外向性のSNS（XやBluesky）に愚痴を書くのは得策ではありません。,,false
510208bd-f92a-438f-94b2-cc301fa3d4c0,44b8f6dd-366e-437a-b862-0c37c3f6e9ce,2024-11-17 23:34:47.493333+00,"時間に対称性が存在するのであれば、
人間はウンコから料理を生成する独創的な生物とも云えるでしょう。",,false
3e430f56-93d2-4b3a-b0ad-ba91b52f2f95,75e639a3-388d-46f4-b4d1-eda12f30d397,2024-11-14 01:20:24.837705+00,ヘカーティアのスカートって実際に存在するんだ…。,,false
c1160671-b413-4b17-ab57-90554b03c238,78a97a9a-37f5-451d-be05-bf6b7b68e8e4,2024-11-10 06:00:39.617526+00,"男の子だからチンチンがあるのか、
チンチンがあるから男の子なのか。
どちらが必要条件で、
どちらが十分条件か。
現代では、このようなジェンダー問題に遭遇しています。",,false
d1f763af-8902-424f-ae31-e7e7be8eb8c4,78a97a9a-37f5-451d-be05-bf6b7b68e8e4,2024-11-09 08:36:33.831585+00,自頭が良いので缶ビールは潰さなくても大丈夫。,,false
7ad33c0f-1233-4695-8d31-5be763c3e099,75e639a3-388d-46f4-b4d1-eda12f30d397,2024-11-09 08:35:54.730424+00,何だろう、自習室に“住んでいる”人間がいる気が…。,,false
70c5671f-109c-4396-99de-6fa658205b92,78a97a9a-37f5-451d-be05-bf6b7b68e8e4,2024-11-09 02:56:55.660029+00,"- 映像のHello, world!：Bad Apple!!
- 音楽のHello, world!：ほのぼの神社
- 技術のHello, world!：迫真空手部",,false
e4736376-475a-4545-b6a6-a7cc06bb1394,75e639a3-388d-46f4-b4d1-eda12f30d397,2024-11-05 03:03:55.708574+00,ついに大学で神社が流れるようになりました。,,false
fa98c1f4-f35f-4ee5-a568-6b7bb3b8ec8b,78a97a9a-37f5-451d-be05-bf6b7b68e8e4,2024-11-04 03:05:33.911443+00,"時空にヒビが入っていると思ったら〜
チ○毛でした〜
チクショー！",,false
b7c1b37c-2316-4fdd-94ea-c632957d1c36,44b8f6dd-366e-437a-b862-0c37c3f6e9ce,2024-11-03 17:18:52.919419+00,『ゲルニカ』をオマージュした東方のイラストが見当たらないのですが、誰か知りませんか？,,false
16da4bc2-9ef1-4eff-be13-d2444eed58c7,78a97a9a-37f5-451d-be05-bf6b7b68e8e4,2024-11-02 11:13:13.430869+00,「33.3334」って奇妙な数字だよな。,,false
2baec98e-0ac6-4c34-844d-e32f1b526130,78a97a9a-37f5-451d-be05-bf6b7b68e8e4,2024-10-31 14:20:29.206472+00,全体の20%を悪人が占めない限り、悪用可能な技術は一般に公開するべきである。,,false
27b48dfb-276b-42cf-9d38-89aebb309ca0,78a97a9a-37f5-451d-be05-bf6b7b68e8e4,2024-10-30 01:03:55.332177+00,昔のヒドラは9個の頭を持っていたが、今のヒドラは1個の頭にオクタコア＋制御チップを搭載しているんだよね。,,false
f4053e02-077a-49a5-908e-b75e5449e394,75e639a3-388d-46f4-b4d1-eda12f30d397,2024-10-27 10:17:33.814746+00,"諸事情によりDuskectrumのリポジトリーが初期化されました。
ごめんね。",,false
631043cf-545d-403d-81dc-31fb99b41096,44b8f6dd-366e-437a-b862-0c37c3f6e9ce,2024-10-24 15:30:08.424276+00,ゆっくりしていってね！,419c9fb6-8abf-43f4-bd9f-40215e7753d5.jpg,false
2f06e446-1436-44b8-af72-d4973543028e,44b8f6dd-366e-437a-b862-0c37c3f6e9ce,2024-10-23 00:13:01.261758+00,"芸術が今日まで生き残った理由は究極的に一つだけである。
学問も、社会も、感情も、それらが必要とするからである。

サユータ＝イショー (1964 - 2024)",,false
bab33091-91ef-40ad-909e-1d74b252d626,78a97a9a-37f5-451d-be05-bf6b7b68e8e4,2024-10-22 11:46:21.119974+00,"猫踏んじゃった♪
猫踏んじゃった♪
猫「Oh my god! & What the fuck!?」",,false
4b72737a-7710-431b-a6dd-5e246aa74746,78a97a9a-37f5-451d-be05-bf6b7b68e8e4,2024-10-21 23:59:01.82843+00,ここ最近、UFOが多いっすね。,,false
4c7e464b-7420-4c05-8d85-d7fc56203885,75e639a3-388d-46f4-b4d1-eda12f30d397,2024-10-20 19:52:57.552699+00,午前3時の睡魔に襲われながらもバグを完璧に修復する男、スパイダーマッ！,,false
7376b6b7-e10c-4b89-af9d-825864943b7e,75e639a3-388d-46f4-b4d1-eda12f30d397,2024-10-20 19:50:49.902334+00,学園祭が開催中であろうと真夜中に研究を進める運営スタッフ、スパイダーマッ！,,false
c6577707-cfca-45b6-919d-540bbdaa6086,75e639a3-388d-46f4-b4d1-eda12f30d397,2024-10-18 15:30:11.499045+00,本当にブチ切れているときは「殺すぞ」とか強そうな単語は出ないので、安心しましょう。,,false
2cd43671-8ea7-4b0c-985e-c5ccab3981cd,78a97a9a-37f5-451d-be05-bf6b7b68e8e4,2024-10-16 23:26:46.909555+00,ここだけの話、最近のダーク・ウェブでは「側近が盗撮したであろう、金玉が3個ある金○恩の画像」で大論争が起こっている。,,false
d15227ae-162b-431a-873f-8646214a19d7,78a97a9a-37f5-451d-be05-bf6b7b68e8e4,2024-10-14 02:04:53.689493+00,酒じゃなくて夢で二日酔いした。訴訟。,,false
36e9e74a-a8df-459d-b780-df715540dc13,78a97a9a-37f5-451d-be05-bf6b7b68e8e4,2024-10-11 12:39:41.420138+00,"「H」とかいう性行為の象徴を与えられた不遇な文字。
いや、実は光栄なのか？",,false
b624659c-2c48-4722-a646-82c43f191990,75e639a3-388d-46f4-b4d1-eda12f30d397,2024-10-10 23:12:22.776902+00,闇バイトへ対抗するには、人類を幸福に導く仕事をするだけで大金が貰える神バイトを大量に用意して数で殴り込むしかない。,,false
90d9eeaf-7ca7-4ecd-b682-1648b17687b3,75e639a3-388d-46f4-b4d1-eda12f30d397,2024-10-09 23:54:51.066003+00,"友人曰く、マナー研修は理解できない行動をする人間を事前に理解するための会らしいです。
別に理解まではしなくても…。",,false
cde72635-251f-4385-b5c1-373ab915abf1,78a97a9a-37f5-451d-be05-bf6b7b68e8e4,2024-10-09 02:02:00.368668+00,"昔の価値観を持ち込むのは好ましくないが、
昔の価値観を今日まで批判することも好ましくない。",,false
d6a70635-052f-4bd1-9007-63d3b4490e0d,44b8f6dd-366e-437a-b862-0c37c3f6e9ce,2024-10-07 15:10:08.135911+00,"人間は、このまま人間を続けるのでしょうか？
ナノ技術や生物技術を用いて進化するのでしょうか？
低次元の自由な世界を永遠に謳歌するのでしょうか？",,false
ebbc08a2-a524-4ee1-bead-577df7aa91be,78a97a9a-37f5-451d-be05-bf6b7b68e8e4,2024-10-03 23:24:50.606941+00,"かごめかごめ
籠の中の鳥は
何時何時にヤる
夜明けの晩に
鶴（意味深）と亀（意味深）が滑った
後ろの竿役だーれ

あかん、消されそう。",,false
226771d6-682e-4b38-bbd9-cf42733a6779,44b8f6dd-366e-437a-b862-0c37c3f6e9ce,2024-10-03 11:38:55.485128+00,創造されたキャラクターは、少なからず作者が持つ性格・性質の一部を引き継ぎます。,,false
5e70280d-26f0-48bc-9338-8a23156207ef,44b8f6dd-366e-437a-b862-0c37c3f6e9ce,2024-10-03 07:01:34.207486+00,言葉だけではなく、想像に関する基礎語彙も大量に持つべきでしょう。,,false
685259f6-b09d-4911-ae42-fb191d07d30a,44b8f6dd-366e-437a-b862-0c37c3f6e9ce,2024-10-03 07:00:33.114214+00,世界の真実はフラクタルでしょうか？　ノイズでしょうか？,,false
d2598cdd-d0e6-4135-97dc-890f2279600e,75e639a3-388d-46f4-b4d1-eda12f30d397,2024-10-03 01:02:41.624604+00,"画像認識AIに大量のスナップを読み込ませてGPS不要のナビゲーション・システムを作りたい。
微妙に整備されていない宇宙基地とかで使えそう。",,false
877bc151-0ea9-4197-930d-836eefe53bbc,78a97a9a-37f5-451d-be05-bf6b7b68e8e4,2024-10-02 07:44:41.548953+00,「俺、陰キャだから」という、本当の陰キャが発言することのない生存者バイアス。,,false
844471e9-e819-4db8-9026-b14c91ccd1db,75e639a3-388d-46f4-b4d1-eda12f30d397,2024-10-02 07:33:32.47053+00,Hypixelのロビーにあるパルクールを完全制覇したぞぉぉぉ！,,false
8eea631b-810c-4969-b1ae-c12af9418631,44b8f6dd-366e-437a-b862-0c37c3f6e9ce,2024-10-02 04:13:49.190006+00,インターネットの文字とは、良くも悪くも声量の均一化を行います。,,false
10f130b1-8048-402a-a613-0ae984d93b40,78a97a9a-37f5-451d-be05-bf6b7b68e8e4,2024-09-26 07:11:24.790759+00,"どんな職場であろうと、エナドリを飲むのは止めたほうがいい。
いつの間にか習慣になるので、エグいレベルで不健康になるぞ。",,false
ee8bcb91-06cf-4087-b04f-3986990e2959,75e639a3-388d-46f4-b4d1-eda12f30d397,2024-09-26 07:01:40.848138+00,俺のパソコンは頻繁にバックダウンされるので、中では世界五分前仮説が成立している。,,false
eaa7479b-c38b-4a32-add2-cec0726c9165,78a97a9a-37f5-451d-be05-bf6b7b68e8e4,2024-09-23 05:02:42.618784+00,"世代が交代していると思ったら〜
初期状態が異なる同一の自分でした〜
チクショー！",,false
3417bc14-671a-46e8-826d-25acb5178a30,44b8f6dd-366e-437a-b862-0c37c3f6e9ce,2024-09-23 01:55:09.785482+00,"やがて、人間も、人類も、世界も死んでしまいます。
重要なのは、生き方でしょうか、死に方でしょうか。",,false
6520cb1c-73a7-42f5-93a7-69460b7b765c,44b8f6dd-366e-437a-b862-0c37c3f6e9ce,2024-09-22 13:53:13.811313+00,"例えば人間が自然の中に家を建てたとき、そこには自然の混沌と人間の秩序が隔てられます。
我々が住む宇宙は、どちらでしょうか？",,false
d484d342-5c92-4a8b-bb59-1287e716f928,78a97a9a-37f5-451d-be05-bf6b7b68e8e4,2024-09-19 06:16:04.97847+00,Good glitch?,c06054d9-c4b3-4145-8425-601c4936cc0d.jpg,false
412b54b3-ae6e-4eff-8a0d-67259e2243ef,78a97a9a-37f5-451d-be05-bf6b7b68e8e4,2024-09-19 06:15:29.541362+00,Good glitch.,7df72761-a515-45f5-9583-b03b0d0a76d3.jpg,false
7cdfef62-ef43-489e-aa5d-d8360741b3fb,44b8f6dd-366e-437a-b862-0c37c3f6e9ce,2024-09-17 23:03:15.471078+00,武器がない状況で人に致命的な損傷を与える最も効率的な方法は、物理法則：重力や遠心力を駆使することです。,,false
6bfd206a-d31c-459c-b58f-6526a67e4457,78a97a9a-37f5-451d-be05-bf6b7b68e8e4,2024-09-14 10:25:13.070533+00,"秋が訪れたと思ったら〜
杜撰な工事でした〜
チクショー！",25bf5e5e-36ed-4abf-afd1-05b08a6e198d.jpg,false
d376e8ef-2201-41fe-8ede-7d3743727a9c,75e639a3-388d-46f4-b4d1-eda12f30d397,2024-09-11 20:22:54.787513+00,DDで丸ごとバックアップしていたボリュームに不良セクターが出現してバックダウン時にエラーが発生する場合、ボリュームにテキトーな単一のパーティションを作成してから実行すると上手く入ります。,,false
046b385d-9365-47f1-a4dc-e2f30ee060b6,75e639a3-388d-46f4-b4d1-eda12f30d397,2024-09-11 02:22:56.900631+00,保守ッッッ！,,false
75fb00b8-af27-4516-9d94-a7cac9b09ff6,78a97a9a-37f5-451d-be05-bf6b7b68e8e4,2024-09-05 14:11:42.40773+00,"おゐ、偉大な発見をしたぞ。
「王国」から「一玉」を抜くと…「エロ」だ…。",,false
0608d9af-e9eb-4281-ab3d-a9d02c8820a6,78a97a9a-37f5-451d-be05-bf6b7b68e8e4,2024-09-01 23:41:16.10313+00,夢の夢で世界の終わりを動画に収めていたが、何故か端末が再起動して台無しになり、辛うじて夢の外へ端末を持ち出すことに成功したが、何故か他の写真も全て消えてしまったので、もしかすれば世界を跨いで情報を共有することは法律で禁止されているのかもしれない。,,false
3d3d8f32-64bf-4979-be4d-bad8a41500ce,78a97a9a-37f5-451d-be05-bf6b7b68e8e4,2024-08-30 23:20:12.358546+00,日本のサッカー選手が試合中に尻を出す確率は、ラーメン屋にラーメン冷まし機（ラーメンの熱気を飛ばして手を温めてくれる機械）がある確率よりも低い。,,false
26bcb21a-326d-4b05-80b7-6f716b68b9fb,44b8f6dd-366e-437a-b862-0c37c3f6e9ce,2024-08-29 12:23:58.035694+00,"存在が消滅する方法は2つある。
整然と無になるか、均一な混沌に包まれるか。
奇妙なことに、この世界も同じである。

ニンゲ・ンッテ・ナンナン (1964 - 2024)",,false
78922bb9-527a-434c-b915-8e55b0fd5796,78a97a9a-37f5-451d-be05-bf6b7b68e8e4,2024-08-28 13:58:37.71559+00,「INMUを知っているのは公にしないほうがいい」という言葉は知っている側が言うんだよなぁ…。,,false
68e9d165-fa5f-44ce-9ac8-53bed7a7e17b,44b8f6dd-366e-437a-b862-0c37c3f6e9ce,2024-08-28 11:16:57.462695+00,デジタルで作られた芸術作品を恒久的（人間の感覚に共通の刺激を与える出力媒体、環境に依存しない出力媒体）に残す方法はありますか？,,false
f6ae6a77-59db-403d-aa65-a8d2019652a9,78a97a9a-37f5-451d-be05-bf6b7b68e8e4,2024-08-26 23:14:27.00837+00,10時間の作業よりも2時間の歯科健診が嫌いな社畜,,false
be6174b0-994a-4fbe-b760-ea3de8ce95b0,78a97a9a-37f5-451d-be05-bf6b7b68e8e4,2024-08-26 23:12:46.826842+00,文化や習慣は少なからず風土に依存するのだから、他の地域から何も考えずに持ち込もうとするのはUNKOだと思うぜ。,,false
21defe2a-f735-4248-a585-022cb3e6e6be,78a97a9a-37f5-451d-be05-bf6b7b68e8e4,2024-08-23 21:51:26.3343+00,"とあるオッサンが踊るだけのMVを作っていたが、制作途中にオッサンが頭を撃ち抜かれるという大事件が発生。しかし、奇跡的に回復。無事に完成して投稿したところ、動画は瞬く間に注目を集め、何本か投稿したころには世界で一番の人気者に。それと同時に、大事件の容疑者の供述が現実味を帯び始める―――

「俺は未来から来たのさ。アイツが億万長者になるのを阻止するためにな。」",,false
792dd7f4-ed76-42f5-8539-5e8e344df719,78a97a9a-37f5-451d-be05-bf6b7b68e8e4,2024-08-20 12:50:32.684339+00,"秘密組織がデータを共通規格で保存するか？
大抵はフルスクだから、傍から見ればノイズだよ。",,false
c590d0bc-e7ff-4109-b7ba-928dcfbe06e0,75e639a3-388d-46f4-b4d1-eda12f30d397,2024-08-18 02:07:28.633604+00,"【教訓話】嘘は程々に

私がクソガキだった時代に、とあるネッ友がいた。
彼は面白い物品や興味深い生活を持っており、そんな話を聞いて私は楽しんでいた。
しかし、ある時、彼の人物像に矛盾が生じていることに気付いた私は、少しだけ疑問を抱いた。
話だけであれば、私は大して確信しなかった。
しかし、彼は文章の他に画像も添付していた。
それは、話の信憑性を与えると同時に、嘘を見抜く手掛かりでもあった。
まさかと思い、Googleの画像検索で調べると、様々なウェブサイトが一致する。
そして何より、彼が撮影した写真（一致しない画像）は一枚も存在しなかった。
嘘というのは、難しい。嘘を作り込めば、それだけヒントを与えてしまうのだ。",,false
f3c5c2ae-e6cd-4da9-9f5f-8f7957421834,75e639a3-388d-46f4-b4d1-eda12f30d397,2024-08-16 13:33:11.194436+00,再帰するハッシュ値、あるいは循環するハッシュ値に出会いたい。,,false
5a0ca31f-8446-46c3-9345-b3e6158fba3d,78a97a9a-37f5-451d-be05-bf6b7b68e8e4,2024-08-16 04:35:13.367831+00,"三大ぼんやり覚えられない文字列：

- カルダシェフ・スケール
- ラグジュアル・ポイント
- フルシチョフカ",,false
fa4f7e76-f56d-448a-ba9e-e03f1b6f23d0,75e639a3-388d-46f4-b4d1-eda12f30d397,2024-08-15 10:28:48.238895+00,チャットが使えないFPSゲームで味方を誤射した後に弁明する間もなく報復されてしまったので、コミュニケーションってマジで大切。,,false
b4117393-66bb-4dde-8c6b-8bdee8a32bef,78a97a9a-37f5-451d-be05-bf6b7b68e8e4,2024-08-14 00:17:47.865198+00,たまに夢の中で月刊コミックを買うのだが、久しぶりに中古を買ってみたところ、なぜか食べ物だけに赤黄緑のクレヨンで着色されていた。新手の嫌がらせか？,,false
5d801a49-4dbf-4b8a-86a9-a444e00e20a0,44b8f6dd-366e-437a-b862-0c37c3f6e9ce,2024-08-13 11:54:27.108895+00,"今日のインターネットが誹謗中傷に敏感なのは、相手や隣人に対する親和を忘れた故な気がします。
集団の規模に比例して世間の態度が公共化するのも、酒場（見知らぬ人間に対する熱狂や喧嘩が許される場所）を求める人々が減ったことも理解できますが、それと同時に「人間らしさ」を失っている可能性も否めません。",,false
a6ddd6ef-e69c-4403-adbb-dd7bfc996b9b,78a97a9a-37f5-451d-be05-bf6b7b68e8e4,2024-08-13 04:11:49.636769+00,"豆知識：

トラック（音声）を結合する場合、重複箇所に掛けるフェードは直線的（Linear）よりも対数的（Log）のほうが良い。",,false
a91f230e-aabe-4f94-a5b7-ec4913bbdda6,44b8f6dd-366e-437a-b862-0c37c3f6e9ce,2024-08-12 04:11:20.690136+00,"家族でバスを貸し切れると思ったら〜、
50メートル級の津波が押し寄せてくる夢でした〜。
チクショー！",,false
62a329ff-830d-4c83-aa8f-793b76a5ede9,75e639a3-388d-46f4-b4d1-eda12f30d397,2024-08-10 13:27:29.191906+00,ファイルの破損を恐れてハッシュ記録マンになってしまった。,,false
afd4b2ec-6de7-4f80-8ee7-2586376430a3,78a97a9a-37f5-451d-be05-bf6b7b68e8e4,2024-08-10 03:30:59.461198+00,アスキーアート、割とASCII以外の文字が使われている説。,,false
3a9184b6-69e9-4d2f-905c-b8758ebdcdc5,75e639a3-388d-46f4-b4d1-eda12f30d397,2024-08-08 07:49:38.522874+00,あ！　やせいの　パソコンが　とびだしてきた！,708a0442-6a1e-4b91-8229-9c4074f5fa1f.jpg,false
67aef77a-6d2f-4704-9cc6-5a57f4926f43,75e639a3-388d-46f4-b4d1-eda12f30d397,2024-08-08 02:26:48.507427+00,電光掲示板が特定の振動で歪みやすくなるのは、「ダイナミック点灯」という方式でLEDが走査して発光することに由来するらしい。,,false
3cccaa51-82f6-4447-b674-6b2806f49894,78a97a9a-37f5-451d-be05-bf6b7b68e8e4,2024-08-05 01:27:52.029659+00,「家」って改めて見ると怖い形だな。,,false
4fcaa945-8bce-4ae2-9e85-8b342f2f22a8,44b8f6dd-366e-437a-b862-0c37c3f6e9ce,2024-08-04 23:42:29.864041+00,私の小説は45文字・18行の1頁で最も美しくなるように設計されています。,,false
712eecd9-8353-4b8a-9ad7-25014d1b0cdf,75e639a3-388d-46f4-b4d1-eda12f30d397,2024-08-01 15:25:24.413812+00,"「イスラム教 ⇒ イスラム教教」や「チャイティー ⇒ 茶茶」で間違えられるように「ハングル文字 ⇒ ハングル文字文字」らしい。
モジモジ…可愛いな。",,false
a85b3ae9-4da2-4560-ba1e-a9172ff9bf67,44b8f6dd-366e-437a-b862-0c37c3f6e9ce,2024-07-31 12:37:22.513802+00,"過去の自分を切り捨てることはできません。
過去の自分は無象に痕跡を残そうとします。
愚かな自分は、それが完全に消失してから本当の価値に気付くのです。
新しい自分とは、何でしょう？
",,false
6fc4398d-acbb-44cb-b5b4-b716ec9c0061,78a97a9a-37f5-451d-be05-bf6b7b68e8e4,2024-07-31 08:07:17.165974+00,動物写真ヘタクソ部,"82f9aa96-1039-4a2b-a9da-4f95cb8ae1fe.jpg,0cd4f2b4-4950-422a-bfef-817136f4bfaa.jpg",false
4419655d-3f94-4629-bad0-b946bf051c95,78a97a9a-37f5-451d-be05-bf6b7b68e8e4,2024-07-31 06:36:49.140749+00,人型休憩所,2b7fc13b-de62-44e4-93bc-2ef3519bc054.jpg,false
fd159151-2899-40da-8758-8e64f70fb957,44b8f6dd-366e-437a-b862-0c37c3f6e9ce,2024-07-31 06:05:41.019069+00,@0100,2a901d48-b892-46dc-956e-95244632043f.jpg,false
ac8c0d62-4452-4172-9f0c-4762793aeb2d,78a97a9a-37f5-451d-be05-bf6b7b68e8e4,2024-07-31 03:29:49.697561+00,The Backroomsっぽい場所に出た。,d8b98b1f-05e0-41d9-92ae-dcf8fe64585d.JPG,false
95ace032-0f66-458c-be1b-9ea030dc53ec,44b8f6dd-366e-437a-b862-0c37c3f6e9ce,2024-07-30 05:36:36.431575+00,"もしかすると、架空の世界を妄想する場合と夢で見た世界を走査する場合で脳の動き（脳波のパターン）が異なるかもしれません。
何とも言えませんが、活発な領域が別のような気がします。",,false
49b65dc9-3086-48da-800b-92a08eec96e2,78a97a9a-37f5-451d-be05-bf6b7b68e8e4,2024-07-29 09:03:21.886574+00,Good glitch.,47527594-cc2c-432e-9414-7b2544225f5a.jpg,false
a9111c98-2c20-4039-9692-a0baf37a76a4,75e639a3-388d-46f4-b4d1-eda12f30d397,2024-07-29 02:14:10.889015+00,グラフィックのデータを共有するとき、ソフトウェアに依存するファイル（ODPやPPTXなど）と共通規格のファイル（PDFやJPEGなど）が一緒に添付されていた場合、デザインやレイアウトが崩れていないかを必ず確認しましょう。コードの校正と同じぐらい重要な確認作業です。（会社に資料を送信した友人が発狂していました。）,,false
af75b887-e1f5-4aa0-9515-5cf64b1e6855,75e639a3-388d-46f4-b4d1-eda12f30d397,2024-07-28 05:38:33.7246+00,新しく買ったM.2のSecure Eraseができなくて泣いている。,,false
fb9a0979-505b-43ce-9ad9-c8b833ba85fb,75e639a3-388d-46f4-b4d1-eda12f30d397,2024-07-24 15:06:35.903697+00,"日本語入力で「z」＋「h, j, k, l」を入力すると矢印「←，↓，↑，→」に変換されます！",,false
b617c166-ada8-4de2-bf5d-d2abb884a57b,44b8f6dd-366e-437a-b862-0c37c3f6e9ce,2024-07-24 13:07:41.307289+00,"人類の多くが巨大な機械や構造に魅了されるのは、そこに多くの情報が秘められているからです。
対象を知らない者は、数多の未知に複雑な感情を覚えます。
対象を知る者は、その物語や歴史に複雑な感情を覚えます。
その最上級が―――世界なのです。",,false
b979d606-713f-4be4-a3e2-24fc9887ef12,44b8f6dd-366e-437a-b862-0c37c3f6e9ce,2024-07-24 04:24:28.802372+00,日本が崩壊した要因の一つとして、主要な生活基盤施設の停止と気候変動による猛暑が重複したことが挙げられます。,,false
bb0b9aa7-84e8-4917-ab96-90674153a4fa,78a97a9a-37f5-451d-be05-bf6b7b68e8e4,2024-07-19 15:06:28.688602+00,WikipediaでINMUのインターネット文化に一切も触れない動向を見ると、多数派が決定した負の遺産を後世に残すことの難しさが理解できるな。,,false
ef64fb3d-846e-4963-b9ef-8f6a8c4d0c4b,78a97a9a-37f5-451d-be05-bf6b7b68e8e4,2024-07-18 04:08:52.75668+00,全てを受け入れてくれるINMUはGENSOKYOだった…？,,false
f5fe316c-d7c8-4d1e-be7c-9f0818a9d06f,75e639a3-388d-46f4-b4d1-eda12f30d397,2024-07-18 01:28:22.687323+00,"ねこ豆知識

「/work」や「/note」ではURLに「?source」を追加することでMarkdown形式のデータを取得できます。",,false
2474759d-a849-4bfb-a6cc-84b0be233221,44b8f6dd-366e-437a-b862-0c37c3f6e9ce,2024-07-17 12:35:31.58766+00,>>301,7f23fe29-150b-41b5-82fc-a751b590342c.png,false
8ef95fc0-7b8d-42cb-bb8d-606d1cb0d376,78a97a9a-37f5-451d-be05-bf6b7b68e8e4,2024-07-17 12:21:49.89202+00,"何かが狂ったトム・ブ○ウン

「あの魅魔様を5面に呼び出して、最強の母乳を作りたいんですよ〜！」
「何言ってんですかね？」
「まぁでも、ちょっと見てみたいかも〜！」",,false
395d755f-1cb7-4467-80b7-676a2f09393a,44b8f6dd-366e-437a-b862-0c37c3f6e9ce,2024-07-16 03:38:41.926528+00,生命に埃は被りません。,,false
d2b9fd44-1a57-4c46-a732-c0ff78705687,78a97a9a-37f5-451d-be05-bf6b7b68e8e4,2024-07-12 15:33:20.499498+00,ラッシュペ…？,aa6e11dd-8892-43d5-961a-0f9fbf33a257.jpg,false
171baef9-cb1d-4554-8f58-7b835790643b,44b8f6dd-366e-437a-b862-0c37c3f6e9ce,2024-07-12 02:21:27.474054+00,"グッときた言葉

「・・・信じてもらえないけれど・・・貴方のこと、本当に好きよ？　そういう、不変と大変を調和させようとする・・・〝平和〟とでも言うのかしら？　矛盾すらも超えること―――森羅万象の私が知らないことを、教えてくれた。」",,false
43676b82-628f-4f92-90ba-c2fe31ed6382,75e639a3-388d-46f4-b4d1-eda12f30d397,2024-07-10 11:02:17.849141+00,"何と、画像が投稿できるようになりました！
最大、5枚まで…中途半端な気がするのは木のせい。","59d72470-64c7-4b9e-afa4-495593979519.jpg,cc80c9aa-c82e-4f86-9637-fc0b6b2a7f56.jpg,1a120d54-ef09-4daf-b304-6a9a67476709.jpg,26d71c5f-f746-4a0e-aa87-00957f07383a.jpg,8346afb5-1efc-47b9-8b0c-ed3adb9b19c2.jpg",false
a50e1121-f8b7-4e0b-bf11-0a09c4eb727d,75e639a3-388d-46f4-b4d1-eda12f30d397,2024-07-09 02:45:38.060266+00,本ウェブサイトのソースコードがヤバい（語彙力）ので、そろそろGitHubに公開しようと思います。,,false
fd52a9e9-e06c-4fac-8e97-e23fdd508a2f,44b8f6dd-366e-437a-b862-0c37c3f6e9ce,2024-07-04 12:50:11.196877+00,"ついに、ふもふもてんしが家に届きました。可愛いですね。
値段は可愛くありません。","9e042ae4-c5d9-4fa4-843a-e9f99e591a91.jpg,df303535-8d5e-4822-95d7-ead5e5c05dda.jpg",false
9deee133-b9a6-4a98-a6dc-9a8217008bc2,44b8f6dd-366e-437a-b862-0c37c3f6e9ce,2024-07-04 12:48:55.913924+00,"生命体は繁殖を目的に活動しますが、知的生命体は一生で感じる快楽を重視します。
異なる種に遭遇した場合、おそらく後者は相互的・総合的に環境の遷移を評価するため、穏便な共存を望むことでしょう。
残念ながら、それを理解できない生命体は知的と認められないのです。",,false
4c28bce1-2592-45d5-a658-f037a9566f43,75e639a3-388d-46f4-b4d1-eda12f30d397,2024-07-04 02:31:36.257206+00,その昔、先生が「HDDからデータを消してもプロが復元してしまうので悪事は隠せない」みたいな説教をしていたので「無知って恥ずかしいなぁ」と思いました。情報技術はともかく、社会原理を基礎から学んでほしい。,,false
eff69abc-9ba1-469c-92bd-6c33523f0018,78a97a9a-37f5-451d-be05-bf6b7b68e8e4,2024-07-03 00:18:46.875569+00,お札の画像に追加される赤線、ナニとは言わぬが黒塗りみたいでエロいな。,,false
a0abc43c-32be-40d9-99f3-d0d3877a10bb,75e639a3-388d-46f4-b4d1-eda12f30d397,2024-06-28 04:09:04.651427+00,自分の後ろに人の気配がするなぁと思いながらトイレに行くと、その道中にある掲示板が時間差で思い切り吹き飛ぶという怪奇現象が発生した。もしかしてマッチョな背後霊？,,false
eb846f3b-b136-495b-b5a9-b8decbdb2372,44b8f6dd-366e-437a-b862-0c37c3f6e9ce,2024-06-25 15:41:05.500805+00,"法律を守る貴方は社会に平和を齎すが、
法律が貴方を守るとは限らない。",,false
fc7b9831-efe7-4dd9-8ff4-1f6f608723b7,78a97a9a-37f5-451d-be05-bf6b7b68e8e4,2024-06-24 23:10:17.630772+00,ニコニコにしか存在しない曲をサーバーが攻撃される数週間前にダウンロードしていたワイ、勝ち。,,false
22760f8a-3c6c-4d82-b1b0-a285b0570dd3,44b8f6dd-366e-437a-b862-0c37c3f6e9ce,2024-06-24 22:52:01.813572+00,人間は関数だと思っていましたが、もしかすると神が関数を求めるために作成した変数か、それ以上に無意味な存在である可能性があります。,,false
980cb9e1-f05a-4831-a3c6-66bcff7724da,44b8f6dd-366e-437a-b862-0c37c3f6e9ce,2024-06-24 11:51:47.693454+00,"貴方という主格が世界を見渡すとき、それは経験を与え、成長を促し、教育を施します。
見知らぬ誰かが作成したカリキュラムを信用しないでください。貴方が貴方に世界を教えてあげてください。",,false
f65356d2-8278-4d91-9a99-9bcf278a4a13,44b8f6dd-366e-437a-b862-0c37c3f6e9ce,2024-06-24 11:48:28.146461+00,天才曰く、中庸を持つ人間こそ模範であるが、それに外れる人間こそ動力である、と言います。,,false
9d4e2ea9-3f58-4bad-b5ff-9e47979ab063,75e639a3-388d-46f4-b4d1-eda12f30d397,2024-06-24 00:09:25.474172+00,"「PRESS A KEY」でAキーを押したり
「TYPE ENTER」で律儀に文字を入力しちゃうのは
あるあるですよね…ね？",,false
c6627fd8-7f06-4b8c-9321-a975eb343812,44b8f6dd-366e-437a-b862-0c37c3f6e9ce,2024-06-24 00:05:46.608717+00,強盗をする際に立て籠もりの手段として時間を歪めるのはお勧めしません。,,false
f9c12727-d610-41e0-983b-a23b0cbe6072,75e639a3-388d-46f4-b4d1-eda12f30d397,2024-06-23 14:18:59.608243+00,Ubuntu StudioをアップグレードしたらCUDAが対応していなくて復旧作業に1日を潰された今日このごろ。,,false
95616f43-1bf8-43a1-80d6-675ef8f15a8a,78a97a9a-37f5-451d-be05-bf6b7b68e8e4,2024-06-21 13:11:57.63706+00,"ジェンダーに配慮した男女（LGBT）：

先生、男子が、若干女子より多いです
そうか、だったら、
男子　女子　ゲイ　アダム　トム　ボート　Attack　Helicopterだ

あかん、消されそう。",,false
a5d8fa2b-ba5b-485d-bbf9-39750c859328,78a97a9a-37f5-451d-be05-bf6b7b68e8e4,2024-06-21 11:03:53.149395+00,"完璧なセックスドールは利用者を最高の快楽に誘うが、必ずしも最高の体験であるとは限らない。
時に、不完全な経験こそが優れた思い出となる。
等と、夢で見て思いました。",,false
53de7394-5810-413c-9a30-f41695a6a5c2,75e639a3-388d-46f4-b4d1-eda12f30d397,2024-06-19 13:21:54.205847+00,1週間ぐらい更新がないとデータベースが自動的にロックされるらしいので、何か思い付いたら積極的に呟いてくれると嬉しい…なッ。,,false
2cf109c2-c41b-4b5c-984a-88351fcab09b,44b8f6dd-366e-437a-b862-0c37c3f6e9ce,2024-06-17 01:51:16.865915+00,物理的な破壊操作により、構造の仮想化と資源の効率化を行う高度なシステムが存在したとき、貴方は仮想化された世界に生きることを選びますか？　それとも、今の世界を掛けて戦うことを選びますか？,,false
97f8f063-231a-43d9-9ca0-9cc5fb79bb45,44b8f6dd-366e-437a-b862-0c37c3f6e9ce,2024-06-15 09:43:28.455861+00,満天の星空が美しかった時代、そこでは恒星と軌跡に倣い、点と線で縦横無尽に物語を書き記しました。,,false
931b0dad-7e3e-4bfb-a227-00c5e9282c0c,75e639a3-388d-46f4-b4d1-eda12f30d397,2024-06-13 13:25:56.131817+00,珍しく寝坊したときの講義が教授によるヴァイオ○ット・エヴァー○ーデンの講演だったらしく、奇跡的に盛大なネタバレを回避した男,,false
7e87d473-133f-4f55-91d4-48b7faa24cdf,44b8f6dd-366e-437a-b862-0c37c3f6e9ce,2024-06-13 12:24:04.261667+00,"自身が所属する集団が持つ特性は俯瞰しなければ気付けないように、社会に溶け込む異常者は「普通」が何かを熟知しています。
最も、社会に関心を持たなければ考える機会もないですが。",,false
e366693b-6f63-44c1-a8d4-3d6f8c980fd3,75e639a3-388d-46f4-b4d1-eda12f30d397,2024-06-10 23:03:18.610941+00,空間コンピューティングで世界に草コメントを生やしたい。,,false
5cb5f045-6c6f-4968-a0d3-9f8104e120ce,78a97a9a-37f5-451d-be05-bf6b7b68e8e4,2024-06-10 21:42:25.448534+00,無駄に巨大なマンション（構造体）を探索するのが楽しすぎる。夢ですけれども。,,false
d276428b-f38d-4814-a2aa-dc45035f1086,44b8f6dd-366e-437a-b862-0c37c3f6e9ce,2024-06-10 21:42:22.077063+00,世界を考えすぎたせいか、夢にまで不思議な市街が登場しました。,,false
9b786cce-1004-4c1c-acc9-34426c75819d,78a97a9a-37f5-451d-be05-bf6b7b68e8e4,2024-06-09 11:00:49.567393+00,研究チームが行った実験では、点字ブロックの色をマゼンタに置換したところ、利用者の100%は異変に気付かないことが判明した。,,false
5cbcf9bf-4b40-4d1a-b9e6-02531c06e414,78a97a9a-37f5-451d-be05-bf6b7b68e8e4,2024-06-08 12:49:10.697472+00,信用できないオンライン・ストレージ・サービスにはZIP爆弾を仕掛けておこう！,,false
b48e985b-1651-4ad9-ad19-125190ab131e,44b8f6dd-366e-437a-b862-0c37c3f6e9ce,2024-05-30 23:48:59.848482+00,"200年以上前の歴史について、それらが捏造されたことは実質的に証明できません。
現代ですら、後世に誤解を与えるぐらいなのですから。",,false
ad89eb96-30bc-476e-ba7d-befdbb784c21,75e639a3-388d-46f4-b4d1-eda12f30d397,2024-05-30 15:13:55.426833+00,部屋の明かりを消してからベッドに入るための微妙な光が欲しいので、スマホのロック画面を明るめの壁紙にしている。,,false
52d1aa60-fb9b-4803-9a12-fb0bffd10e7d,44b8f6dd-366e-437a-b862-0c37c3f6e9ce,2024-05-30 11:22:58.526445+00,"機密のプロジェクトは、自身を疑うシステムが求められます。
機密のプロダクトにも、自身を疑うシステムが求められます。",,false
7e4ff027-bb25-4c38-a826-2b2003e80767,78a97a9a-37f5-451d-be05-bf6b7b68e8e4,2024-05-28 07:31:42.44898+00,「聳える」って「ソビエト」と75%も一致しているから、実質USSRじゃん。,,false
a46b658d-8460-47a4-8eb0-ecaff666e912,44b8f6dd-366e-437a-b862-0c37c3f6e9ce,2024-05-28 06:46:20.963945+00,夢の世界は深層の記憶から口へ直接的に出力できず、明瞭な記憶として一時的に呼び出す必要があるので大変です！,,false
9002267b-1d9e-464c-98f5-2b8b1bc0b3c4,78a97a9a-37f5-451d-be05-bf6b7b68e8e4,2024-05-24 00:24:28.8596+00,時代が違えば仏陀と仲良しだった可能性がある。,,false
bab6a9b9-cc28-4a87-a95e-cf985843fa2b,75e639a3-388d-46f4-b4d1-eda12f30d397,2024-05-23 00:53:45.541043+00,自分は未だにキャッシュ派ですが、もしもキャッシュレス派になれば只でさえ低い計算能力が更にカスくなりそうで怖い。,,false
e28fe5ce-21f1-47a1-9a52-3b903bbc4953,44b8f6dd-366e-437a-b862-0c37c3f6e9ce,2024-05-22 04:31:18.113681+00,"魅力的な混沌には、美しい法則が隠れています。
それを既に知っているのですから、貴方は法則に気付けるはずです。",,false
2ffd639b-04bd-4cd0-8f4d-1ccee13b6add,75e639a3-388d-46f4-b4d1-eda12f30d397,2024-05-19 01:16:55.339857+00,結論、P2Pのチャットシステムは2週間ぐらいで作れる。,,false
95138acb-08f8-4c3c-939d-8a15bf2aef25,75e639a3-388d-46f4-b4d1-eda12f30d397,2024-05-19 01:16:17.695427+00,プログラミングは、頭ではなく体の調子が悪くないとき（例：徹夜はOK、病気はNG）に頑張りましょう。,,false
213671b5-2819-4ca3-a346-ef0bb7cbbb36,78a97a9a-37f5-451d-be05-bf6b7b68e8e4,2024-05-18 02:18:02.889727+00,"夢で得た映画のアイディア：

情勢が不安定の中、謎のジジイから突如としてシェルターの入場券（軍人用の中でもVIPレベル）を渡された直後に有事のサイレンが鳴り響き、間一髪で中に入ると一般公開されていなかった大規模な地下都市が広がっており、そこで様々な出来事に遭遇する。",,false
00de81d6-4213-49a6-9527-4709917cb08d,44b8f6dd-366e-437a-b862-0c37c3f6e9ce,2024-05-16 01:07:42.79026+00,"新しい物を存分に創出すること、しかし、古い物を大切に保管すること。
これらが、良き故郷を生み出します。",,false
7ae2fd82-7169-468e-bab5-f760629915c8,44b8f6dd-366e-437a-b862-0c37c3f6e9ce,2024-05-15 16:13:13.128365+00,"有限の空間を持つライフゲームは完全なスナップ（世代）を内部で保持することが不可能であり、実現する場合は外部（システムをホストする存在）によって管理される必要があります。
我々の世界も同様に、三次元以上の情報は存在しないか、あるいは創造主が所持している可能性があります。
前者の場合、タイムトラベルは理論上の時空を三次元の情報として再現する行為となります。
後者の場合、タイムトラベルは創造主の次元へ自律的に干渉するハッキング行為となります。
事象の最小単位が存在しない場合は…世界はフラクタルかもしれません！",,false
edd8782a-c4df-45ad-b26a-f3e49d011983,78a97a9a-37f5-451d-be05-bf6b7b68e8e4,2024-05-15 00:53:15.722633+00,上司に下ネタを多く言い放った奴が勝ちｗ！　とかいうゲームを友人が持ち掛けてきたので、テキトーな話題で「うーん、ここだけの話…」とか「20万個じゃ足りない…」とかブチ込んでいたら、上司が「上の頭がカチンコチンだからねぇ」という結論で話を終わらせた。…もしかしてバレた？,,false
2856cee1-cdfd-49d7-a7c3-3d2819176872,44b8f6dd-366e-437a-b862-0c37c3f6e9ce,2024-05-10 13:10:31.8377+00,"悲劇は過ぎ去るものではありません。
常に不規則で待ち構えています。",,false
3899fe5f-eaac-409c-9ef6-bfa2e7ce1557,44b8f6dd-366e-437a-b862-0c37c3f6e9ce,2024-05-08 10:36:40.177053+00,"真実が有理数個もあれば、虚実は実数個ぐらい存在するだろう。

キョダイ＝スームズ＝カシー (1964 - 2024)",,false
8ed801b3-af71-40cc-ade4-92f3bc5e6e41,44b8f6dd-366e-437a-b862-0c37c3f6e9ce,2024-05-06 00:03:05.84046+00,"私たちは初心を忘れているのかもしれません。
生産は社会と生活の維持に必要な行為であり、芸術こそが本来の目的もしくは大義を達成する行為である可能性があります。
学問は、誰のために作られましたか？",,false
0ea631c1-3c2f-4205-9f98-0aed2a9c88b0,44b8f6dd-366e-437a-b862-0c37c3f6e9ce,2024-05-05 22:39:03.64804+00,良く作られたものは、良い朽ち方をします。,,false
0c070251-3be0-441b-94f3-b39adaf5d94e,44b8f6dd-366e-437a-b862-0c37c3f6e9ce,2024-05-05 08:21:46.939782+00,"とある科学者は言いました。
人類は進化を遂げるために生まれたのではなく、終末を遅らせるために生きていると。",,false
b8626474-e00b-4e14-ad84-d35980cdf905,75e639a3-388d-46f4-b4d1-eda12f30d397,2024-05-04 08:28:19.377914+00,病み上がり状態でP2Pのプログラムを書くという地獄。,,false
31203639-bb3c-4142-8e87-61802a86d076,44b8f6dd-366e-437a-b862-0c37c3f6e9ce,2024-05-01 23:35:34.718796+00,"世界は場所と時間に散乱しています。
世界を更に知りたければ、多くの歴史的な文字を学ぶ必要があると教えられました。
それはそれとして…古の漢字は、現代からは手に入らない壮大で複雑な物語が含まれているので最高に面白いです！",,false
c06c5e69-52e9-410f-8c70-e7d2f52e7789,44b8f6dd-366e-437a-b862-0c37c3f6e9ce,2024-05-01 08:31:01.120047+00,"Landscape vs Stars
未だに決着が付きません…。",,false
ed37de93-ed34-4e49-9940-67b75d8bfbc8,78a97a9a-37f5-451d-be05-bf6b7b68e8e4,2024-04-30 03:02:07.970009+00,"イコライザーとかいう映画、内容が濃すぎて尊敬する。
記憶に残る場面が多すぎませんかね？",,false
f390d39e-0305-452b-83fe-bf479d6ee8b3,75e639a3-388d-46f4-b4d1-eda12f30d397,2024-04-30 02:36:57.06699+00,パソコンを初期化するクセが治らないので、ついにクリーンアップとバックアップを自動化してしまいました。,,false
e5c48272-a068-4733-8533-5906c8185167,44b8f6dd-366e-437a-b862-0c37c3f6e9ce,2024-04-29 14:45:21.189657+00,"生産行為が正常だとすれば、芸術行為は異常なのかもしれません。
それを日常的に続ける者は、潜在的な狂気に満ちている可能性があります。
だからこそ、人を魅了するのでしょう。",,false
7b13075d-78e8-4188-9d57-30167e6c786c,75e639a3-388d-46f4-b4d1-eda12f30d397,2024-04-28 03:52:31.019723+00,KDE Connectが便利すぎる。,,false
19bbd9a1-4029-47aa-9c6f-4b93a1d38a6f,44b8f6dd-366e-437a-b862-0c37c3f6e9ce,2024-04-26 14:49:15.32348+00,"未来では、多くの人々が世界を創り、世界を歌い、世界から新たな体験を生み出していました。
残念ながら…自分が見ていた未来が現実なのか人工なのか定かではありませんが。",,false
1b27114e-6d99-4ba4-801e-224a6f6914ef,78a97a9a-37f5-451d-be05-bf6b7b68e8e4,2024-04-24 11:49:00.87643+00,The Backroomsの既視感の正体がドラえもんに登場するひみつ道具の「ホームメイロ」であることが判明した。,,false
c3f6e8be-a0d5-4abd-8dca-2a14a86eac68,44b8f6dd-366e-437a-b862-0c37c3f6e9ce,2024-04-24 10:23:56.024365+00,どうやら人間社会は、少しの差異すらも争いの火種になるようです。,,false
21582cdb-423f-4573-a301-e94b44ed82ae,78a97a9a-37f5-451d-be05-bf6b7b68e8e4,2024-04-19 15:04:33.501785+00,AIに巨大数を計算させて主従関係を叩き込みたい。,,false
480b8353-8ef5-4f54-ade6-ffad5a2a095c,75e639a3-388d-46f4-b4d1-eda12f30d397,2024-04-17 04:50:14.446041+00,コーディング中毒になりました、助けてください。,,false
3c9cdb12-2b6d-44c0-b644-f2b11e69f1e9,78a97a9a-37f5-451d-be05-bf6b7b68e8e4,2024-04-16 16:36:47.638798+00,"第三次世界大戦が2029年よりも前に始まりそうで怖い。
米語も英語も嫌いだから勘弁してくれ。
紛争と難民と気候変動を予言したなら、それ以降の歴史も正しいよな？　大丈夫だよな？",,false
4e252e2d-2380-4ae1-ae55-7bd4622cade4,44b8f6dd-366e-437a-b862-0c37c3f6e9ce,2024-04-13 08:16:04.644724+00,鏡は光を反射しているのですか？　それとも、同じ初期状態を持った対称的な世界に通じる三次元の平面ですか？,,false
826a8a81-389b-40c2-afd3-ef897e9df82b,44b8f6dd-366e-437a-b862-0c37c3f6e9ce,2024-04-12 11:43:01.58067+00,人類が最も握手している相手は蛇口から出る水だと思われます。,,false
180b5ff1-eee1-4d34-b646-f489e7f32ccd,78a97a9a-37f5-451d-be05-bf6b7b68e8e4,2024-04-08 22:44:18.592477+00,"夢で得た変な俳句：

オサムライ　刀を失くして　ナサケナイ",,false
583b0ad8-aef3-4053-9f6b-9f272172fd4e,78a97a9a-37f5-451d-be05-bf6b7b68e8e4,2024-04-08 22:42:51.002915+00,"夢で得た映画のアイディア：

一見すると無茶苦茶な行動ばかりの主人公たちだが、実際はタイムリープする世界（人物）から抜け出そうとしていたことが最終場面で判明する。残念ながら、再び同じ悲劇を繰り返してしまう…が…。",,false
160e8b7b-eaca-4eae-b083-4e3a6422a4ad,44b8f6dd-366e-437a-b862-0c37c3f6e9ce,2024-04-03 13:05:13.370606+00,膨大なエネルギーを消費して幻想に耽る脳味噌は、まさに嗜好品と云えるでしょう。,,false
51978ec1-3d28-43ff-a504-9b93528e43ac,75e639a3-388d-46f4-b4d1-eda12f30d397,2024-04-03 00:36:20.033782+00,ハードウェアの進化でリセットボタンが消えたように、ソフトウェアの進化でリロードボタンが消えるかもしれませんね。,,false
80e5189e-1e22-4787-9095-e6aad3ef6103,44b8f6dd-366e-437a-b862-0c37c3f6e9ce,2024-03-31 12:31:48.190869+00,"自分よりも優秀な人間、自分よりも劣等な人間は必ず存在します。
最も優秀な人間、最も劣等な人間は世界に一人しか存在しないのですから。",,false
67b59331-71ee-41f9-9294-91e78387b3ec,44b8f6dd-366e-437a-b862-0c37c3f6e9ce,2024-03-29 10:13:37.638368+00,"運命を信じない者は運命に救われたと感じます。
運命を信じる者は運命に裏切られたと感じます。
人間からすれば運命など、潜在的な願望に過ぎません。",,false
15ebd549-ff44-4457-884b-ab3b7a76c109,44b8f6dd-366e-437a-b862-0c37c3f6e9ce,2024-03-28 10:46:18.732762+00,"どの時代でも、老人は若者に忠告を繰り返しました。
遷移する生活に良し悪しは存在しません。
多様な経験を文明の利器に任せることで、思考の柔軟性と引き換えに社会の生産性を向上させるのです。
こうして文明は発達して、おそらく死ぬのでしょう。",,false